epoch,scheme_mult_train_acc,scheme_mult_train_loss,scheme_mult_val_acc,scheme_mult_val_loss,scheme_add_train_acc,scheme_add_train_loss,scheme_add_val_acc,scheme_add_val_loss,scheme_cat_train_acc,scheme_cat_train_loss,scheme_cat_val_acc,scheme_cat_val_loss
0.01,33.2,109.87000334262848,33.8,1.0985496044158936,33.635,109.91386640071869,33.1,1.0993934869766235,33.2,109.9613287448883,33.8,1.0992521047592163
0.02,33.204,109.84920275211334,33.8,1.098448395729065,33.504,109.81867754459381,33.9,1.0981764793395996,33.2,109.78087890148163,33.8,1.0975925922393799
0.03,35.671,109.82878160476685,34.5,1.0983859300613403,33.2,109.77795112133026,33.8,1.0977693796157837,33.204,109.64161562919617,33.8,1.0964864492416382
0.04,35.579,109.8125388622284,34.6,1.09832763671875,37.997,109.8002108335495,38.9,1.0980267524719238,46.978,109.55815362930298,44.0,1.095870852470398
0.05,33.429,109.79397749900818,33.4,1.0980921983718872,33.165,109.92143976688385,33.1,1.0993249416351318,37.269,109.43985784053802,36.7,1.094906210899353
0.06,33.481,109.76992273330688,33.4,1.0979058742523193,33.165,109.8908840417862,33.1,1.0992357730865479,34.167,109.2837176322937,34.0,1.0936318635940552
0.07,38.169,109.73881018161774,38.4,1.097702145576477,33.165,109.76910316944122,33.1,1.0980250835418701,35.599,109.01155066490173,35.4,1.0911469459533691
0.08,39.831,109.6979855298996,38.9,1.0973528623580933,33.461,109.61762988567352,33.3,1.0963702201843262,45.34,108.62600874900818,46.1,1.087357521057129
0.09,40.203,109.63674592971802,39.0,1.0968232154846191,42.189,109.56432604789734,42.7,1.0956571102142334,47.333,108.13527035713196,45.6,1.0824484825134277
0.1,38.511,109.55294787883759,39.2,1.0959655046463013,40.052,109.5756174325943,39.1,1.0954794883728027,45.277,107.51595795154572,42.6,1.076382040977478
0.11,40.037,109.444451212883,38.7,1.0949594974517822,35.374,109.61478805541992,36.7,1.0956199169158936,45.789,106.68203890323639,43.3,1.0683521032333374
0.12,40.362,109.31018078327179,39.0,1.0938031673431396,34.305,109.62838852405548,35.6,1.0956392288208008,46.841,105.65672767162323,44.1,1.0586857795715332
0.13,38.869,109.17686796188354,37.9,1.092885136604309,35.009,109.53563451766968,36.5,1.0947304964065552,48.29,104.49159526824951,45.2,1.0478774309158325
0.14,39.954,108.92386150360107,39.1,1.0903332233428955,37.603,109.33489644527435,37.5,1.092912197113037,50.268,103.07272028923035,47.6,1.034096121788025
0.15,39.888,108.65633547306061,40.1,1.0874783992767334,40.422,109.09728920459747,39.0,1.0907779932022095,51.324,102.27004194259644,51.6,1.024911880493164
0.16,42.611,108.34563100337982,42.6,1.0843862295150757,42.454,108.85720825195312,40.9,1.08865225315094,51.0,101.39609003067017,51.5,1.0149285793304443
0.17,45.096,107.88708209991455,43.9,1.0801060199737549,43.109,108.59871399402618,41.8,1.0864120721817017,50.492,100.03891694545746,47.8,1.0026087760925293
0.18,41.867,107.59797072410583,40.5,1.077804446220398,44.989,108.28811490535736,44.9,1.0836477279663086,50.257,99.82831907272339,48.3,1.003903865814209
0.19,43.597,106.76508784294128,43.4,1.0701009035110474,46.741,107.86295366287231,45.7,1.0795990228652954,52.243,98.36939120292664,50.6,0.98869389295578
0.2,41.768,107.68031454086304,42.4,1.0795514583587646,44.835,107.58609306812286,44.9,1.0775015354156494,53.348,97.29569548368454,51.9,0.9763041734695435
0.21,44.905,105.88322389125824,44.4,1.0625118017196655,46.832,106.93292105197906,45.6,1.0709953308105469,53.734,96.72348749637604,52.3,0.9692652821540833
0.22,45.702,105.50278162956238,44.6,1.0588992834091187,46.178,106.35342264175415,43.5,1.0650795698165894,54.126,95.58791476488113,52.5,0.9607291221618652
0.23,44.353,105.72590434551239,41.4,1.0615017414093018,44.957,105.91580784320831,42.4,1.061137318611145,53.636,95.81590563058853,51.7,0.9664345979690552
0.24,45.784,105.47198593616486,45.5,1.0604115724563599,45.578,105.34489166736603,44.0,1.0565171241760254,54.703,94.45634078979492,53.7,0.9521073698997498
0.25,43.301,105.96019721031189,43.9,1.0668524503707886,48.083,104.57746839523315,46.1,1.048398733139038,55.402,93.63255900144577,54.7,0.9416671991348267
0.26,45.051,104.78019642829895,43.7,1.055031180381775,46.538,104.6715179681778,44.5,1.0492089986801147,54.479,94.78708600997925,53.0,0.9513550996780396
0.27,45.821,104.36510360240936,45.2,1.0504634380340576,45.204,105.38571441173553,46.1,1.0561615228652954,56.053,92.687628865242,55.5,0.9325085878372192
0.28,47.148,103.79651725292206,45.2,1.0462278127670288,48.397,103.48860967159271,47.6,1.0364289283752441,55.895,92.73780393600464,55.4,0.937100887298584
0.29,45.949,103.91821813583374,43.9,1.047344446182251,45.581,104.62846422195435,45.4,1.0462397336959839,56.422,92.10097008943558,55.9,0.9302272796630859
0.3,46.602,103.43098831176758,43.4,1.042783260345459,47.499,103.00086414813995,46.7,1.0300514698028564,56.527,91.94805806875229,56.2,0.9267067909240723
0.31,48.65,103.1714860200882,48.1,1.041936993598938,47.151,103.75618410110474,46.5,1.0394952297210693,56.434,92.44746458530426,56.8,0.9280210733413696
0.32,48.374,102.56679773330688,48.0,1.0336625576019287,47.434,103.79764008522034,46.6,1.0392206907272339,57.367,91.20030617713928,56.4,0.9176450371742249
0.33,46.969,103.01675403118134,46.6,1.0367735624313354,48.351,102.81150728464127,48.3,1.0264979600906372,57.289,91.05192667245865,57.8,0.9223929047584534
0.34,48.417,102.20090788602829,48.0,1.0286002159118652,48.88,102.77358466386795,49.4,1.0245909690856934,56.407,92.35674041509628,58.6,0.9387672543525696
0.35,49.339,101.74519950151443,49.1,1.0248615741729736,49.2,101.59418815374374,48.0,1.0133352279663086,58.041,90.25569695234299,59.1,0.9149430394172668
0.36,48.025,101.98356461524963,46.5,1.0266106128692627,46.95,103.2181094288826,45.2,1.0324084758758545,57.62,91.15241277217865,57.1,0.9176355600357056
0.37,49.209,101.48615032434464,49.8,1.017038106918335,47.109,102.97543919086456,45.7,1.0307079553604126,57.896,90.74776673316956,56.7,0.9129931926727295
0.38,47.613,102.63304042816162,47.8,1.027134656906128,50.011,100.93534046411514,49.7,1.0089149475097656,57.889,90.1355973482132,57.3,0.9101411700248718
0.39,49.272,101.37406075000763,48.5,1.0159672498703003,49.484,101.68728864192963,49.7,1.0147285461425781,58.494,89.48369699716568,58.2,0.9068241715431213
0.4,50.603,100.48862254619598,50.4,1.006083607673645,48.269,102.60425835847855,47.5,1.0242754220962524,59.03,89.18200349807739,59.5,0.9058230519294739
0.41,47.417,101.85788893699646,46.7,1.0200260877609253,49.081,101.67332369089127,48.8,1.0155738592147827,58.983,89.3571303486824,58.4,0.9079930782318115
0.42,47.276,102.60908997058868,47.7,1.0241634845733643,51.123,100.51985830068588,51.3,1.005493402481079,58.916,89.46454185247421,58.3,0.9083309173583984
0.43,50.725,100.221794962883,51.0,1.002291202545166,50.056,100.69643253087997,51.1,1.0089428424835205,59.354,88.87100929021835,58.1,0.9007030129432678
0.44,49.961,101.07380545139313,50.5,1.0121920108795166,48.732,101.38115775585175,47.7,1.0162559747695923,59.18,88.61445325613022,57.7,0.8992936611175537
0.45,48.57,101.18550938367844,49.4,1.0121690034866333,49.304,101.26854372024536,47.5,1.0138676166534424,58.952,88.61462408304214,57.7,0.9011659622192383
0.46,48.816,101.46582424640656,49.3,1.0118321180343628,50.762,100.05288511514664,49.5,1.000780701637268,59.745,87.92859029769897,58.2,0.8955346345901489
0.47,51.659,99.97799676656723,52.2,1.0005699396133423,51.15,100.00145155191422,50.0,0.9998599290847778,59.81,87.99604141712189,58.7,0.8977407217025757
0.48,49.222,100.99496644735336,48.9,1.012215256690979,49.638,100.81128537654877,49.2,1.0079379081726074,59.319,88.89993625879288,58.3,0.9062777161598206
0.49,49.419,100.50643587112427,49.7,1.0052194595336914,50.271,100.37586331367493,49.8,1.0035457611083984,59.866,87.95986157655716,58.5,0.895447850227356
0.5,50.491,100.03896862268448,51.2,0.9993802905082703,51.828,99.21432864665985,51.5,0.9916839003562927,60.119,87.2096728682518,58.9,0.8878072500228882
0.51,52.187,99.27821660041809,52.8,0.9926167130470276,51.193,99.3780289888382,50.1,0.9932020306587219,58.334,88.66939324140549,57.1,0.9032751321792603
0.52,51.852,99.31982660293579,52.6,0.9936591982841492,50.772,99.45055514574051,50.6,0.9961899518966675,58.652,88.2941797375679,58.0,0.8989543318748474
0.53,50.992,99.65135306119919,51.6,0.9969292879104614,50.202,99.77556490898132,49.6,1.0005661249160767,60.346,86.80658006668091,59.8,0.8850913643836975
0.54,51.341,99.31502205133438,51.1,0.9932313561439514,50.821,99.4129747748375,50.0,0.9967637658119202,60.485,86.85539674758911,60.3,0.8866744637489319
0.55,52.422,98.65602099895477,51.4,0.9867572784423828,52.484,98.45292311906815,52.4,0.9862053394317627,60.512,87.01159060001373,60.3,0.8888278007507324
0.56,52.323,98.6360439658165,52.1,0.986602246761322,53.009,98.1522569656372,52.1,0.9819849729537964,60.716,86.30692946910858,60.4,0.8827053308486938
0.57,51.428,98.95079308748245,51.7,0.9905657172203064,52.395,98.50683706998825,51.2,0.9843220114707947,60.142,86.78301841020584,59.4,0.8880652785301208
0.58,51.239,98.88447487354279,51.2,0.9930716753005981,52.775,98.26996594667435,52.0,0.9825959801673889,60.311,86.38441932201385,60.4,0.8812272548675537
0.59,51.708,98.50013035535812,51.2,0.9889427423477173,53.274,97.80959910154343,52.7,0.9781363606452942,60.17,86.7844849228859,59.6,0.881332516670227
0.6,52.867,97.87561625242233,52.3,0.9829809665679932,53.327,97.51040881872177,52.5,0.9753226637840271,60.15,86.95902836322784,59.4,0.8823249340057373
0.61,52.536,98.05740183591843,52.3,0.9847492575645447,53.302,97.36693006753922,52.6,0.9748780727386475,61.081,85.66476482152939,60.9,0.8720506429672241
0.62,51.226,99.32026934623718,50.7,0.9944108724594116,53.224,97.58836430311203,53.2,0.9785475730895996,61.052,85.59716266393661,60.5,0.8769762516021729
0.63,52.486,97.92385077476501,51.8,0.9824400544166565,53.548,97.21951067447662,52.4,0.9751843810081482,61.013,85.61772394180298,60.4,0.8775049448013306
0.64,52.948,97.68286788463593,52.5,0.9830191135406494,52.622,97.90541070699692,51.4,0.9794748425483704,61.527,85.0848942399025,61.0,0.8696768879890442
0.65,51.02,99.14035612344742,51.1,0.9963055849075317,53.982,96.80902087688446,53.5,0.9693801403045654,61.667,84.98449832201004,61.5,0.8656972646713257
0.66,50.349,100.32430064678192,50.8,1.0024510622024536,53.348,97.56998765468597,53.3,0.9779503345489502,61.505,85.1072324514389,61.2,0.8657408356666565
0.67,52.864,98.10097724199295,52.0,0.987273097038269,54.167,96.60906720161438,53.7,0.9688147902488708,61.705,84.90196806192398,60.9,0.8639087677001953
0.68,51.533,99.30533879995346,51.4,0.9984415173530579,54.411,96.27255290746689,53.5,0.9663237929344177,61.735,84.7892354130745,61.6,0.866577684879303
0.69,52.69,97.65505850315094,52.3,0.9754067063331604,53.992,96.41194796562195,52.0,0.9679269194602966,61.604,84.92466539144516,60.5,0.8691260814666748
0.7,48.85,101.47208672761917,48.4,1.0062813758850098,53.91,96.50279694795609,52.7,0.9693689346313477,61.809,84.53045624494553,61.0,0.8639549016952515
0.71,53.217,97.24002480506897,52.0,0.9700421094894409,54.257,96.27450132369995,53.1,0.9668154716491699,61.888,84.35937964916229,60.6,0.8597585558891296
0.72,51.35,99.54119282960892,51.2,1.0009678602218628,54.674,95.74635553359985,54.4,0.9593867659568787,61.804,84.54885512590408,60.8,0.8590803742408752
0.73,49.496,101.8029716014862,50.5,1.0257114171981812,54.614,95.88967448472977,54.0,0.9590169787406921,61.85,84.50899612903595,61.9,0.8583510518074036
0.74,52.69,98.52966582775116,53.1,0.9901764988899231,54.524,95.85211980342865,54.1,0.9577952027320862,62.122,84.18921184539795,61.6,0.8559021353721619
0.75,53.741,97.29923379421234,52.1,0.9728407263755798,54.572,95.58972162008286,53.6,0.954909086227417,62.266,83.97648394107819,61.5,0.855535089969635
0.76,50.522,99.67587971687317,50.2,0.9921053647994995,55.227,95.256367623806,54.9,0.953352153301239,61.8,84.36650377511978,60.9,0.8620062470436096
0.77,51.147,99.22423070669174,50.2,0.9884848594665527,55.178,95.25925248861313,55.3,0.9535786509513855,62.146,84.04489433765411,61.3,0.8575693368911743
0.78,53.379,97.6467302441597,53.4,0.9768452048301697,54.991,95.13024455308914,53.8,0.9508928060531616,62.348,83.883624792099,61.5,0.8526597619056702
0.79,53.246,97.91166353225708,52.7,0.9828914999961853,55.314,94.89303356409073,54.0,0.9471650719642639,62.049,84.35706621408463,61.7,0.8552747368812561
0.8,52.719,98.5285375714302,52.7,0.9910889267921448,55.273,94.91898036003113,53.9,0.9469003081321716,62.204,84.2572757601738,60.8,0.8553416132926941
0.81,52.584,98.29472309350967,52.7,0.9894155859947205,55.441,94.69281649589539,54.2,0.945025622844696,62.488,83.85158205032349,61.2,0.8537397384643555
0.82,53.394,97.50108075141907,52.1,0.9800191521644592,55.795,94.40162193775177,55.9,0.9429932236671448,62.39,83.74843275547028,60.9,0.8572325110435486
0.83,53.147,97.6043718457222,53.2,0.9773383140563965,55.928,94.29972237348557,56.3,0.9427488446235657,61.987,84.06651371717453,60.7,0.8636472225189209
0.84,52.556,97.76721185445786,50.9,0.9766196012496948,55.861,94.22247403860092,54.4,0.9415884613990784,62.47,83.35629105567932,60.3,0.8555387854576111
0.85,53.879,96.60183548927307,52.2,0.9671446084976196,56.03,94.12163323163986,56.1,0.9415009617805481,62.813,83.06755268573761,61.4,0.8494791984558105
0.86,53.368,97.00429183244705,53.2,0.9763654470443726,56.054,94.13373118638992,56.1,0.9421197175979614,62.452,83.66041868925095,61.3,0.8526512384414673
0.87,53.142,97.54395872354507,53.2,0.9847990274429321,56.196,93.94248163700104,56.1,0.9386846423149109,62.703,83.13719183206558,61.0,0.8493170738220215
0.88,53.947,96.64586210250854,53.9,0.9759092926979065,55.851,94.21804213523865,56.1,0.9408743977546692,62.712,82.8406874537468,60.8,0.8513639569282532
0.89,54.162,96.10785907506943,54.0,0.9669248461723328,55.291,94.52524518966675,53.6,0.9419183135032654,62.032,83.7627472281456,59.5,0.8666768670082092
0.9,52.632,97.64408159255981,51.3,0.9766276478767395,56.307,93.61463910341263,56.3,0.9343152046203613,62.311,83.37449526786804,59.4,0.8617135882377625
0.91,54.004,96.06942075490952,53.2,0.9623134732246399,56.399,93.69485884904861,56.2,0.937156617641449,62.799,82.67070150375366,60.6,0.8510972261428833
0.92,53.299,96.67835533618927,53.6,0.9741865396499634,56.27,93.78196877241135,55.4,0.9396698474884033,62.761,83.12647253274918,61.5,0.8521039485931396
0.93,52.598,97.72616356611252,52.4,0.9870219826698303,56.715,93.19336020946503,56.1,0.9326593279838562,62.704,83.27122205495834,60.9,0.8522882461547852
0.94,54.441,95.84828132390976,53.5,0.9672209024429321,56.618,93.1465368270874,55.9,0.9321060180664062,63.121,82.37216001749039,61.4,0.8470910787582397
0.95,54.147,95.8855397105217,53.6,0.9637671709060669,55.683,94.12631636857986,56.5,0.9445916414260864,62.859,82.56061458587646,61.3,0.851199746131897
0.96,52.148,98.49218559265137,52.0,0.9874265193939209,57.173,92.63590782880783,56.7,0.9306387305259705,62.576,82.82954132556915,60.6,0.8552133440971375
0.97,53.142,96.88219654560089,52.9,0.9710561633110046,56.163,93.80691289901733,54.1,0.9437263607978821,63.157,82.19929140806198,60.9,0.8476920127868652
0.98,54.921,95.19370818138123,53.9,0.9597756266593933,56.902,93.05497670173645,57.2,0.9405938386917114,63.374,82.07485157251358,61.7,0.8449288606643677
0.99,53.199,96.98656618595123,52.9,0.9800792932510376,56.971,92.8136458992958,56.6,0.936083972454071,63.248,82.3841080069542,61.1,0.8472014665603638
1.01,54.86,95.09650003910065,53.9,0.9525672793388367,57.253,92.32349342107773,56.4,0.9299988746643066,63.528,81.66890263557434,61.4,0.8414013385772705
1.02,53.202,96.58507865667343,52.8,0.9640069007873535,56.253,93.86086112260818,57.3,0.9511229991912842,63.016,82.28699904680252,61.1,0.8524034023284912
1.03,53.686,96.15442055463791,53.4,0.9615333080291748,57.412,92.11491775512695,57.2,0.9313707947731018,63.066,82.28345715999603,60.7,0.8546285629272461
1.04,55.057,95.06389200687408,54.6,0.9548302292823792,54.312,95.7164626121521,53.3,0.9604088664054871,63.34,81.8791795372963,61.4,0.8501527309417725
1.05,54.745,95.76833486557007,53.5,0.9652023911476135,57.718,91.5997200012207,56.6,0.924910843372345,63.511,81.75263547897339,61.3,0.8433942198753357
1.06,53.993,96.52194207906723,54.3,0.9733389616012573,54.804,95.40652680397034,54.7,0.9662432670593262,63.215,81.99032813310623,60.8,0.8426758646965027
1.07,54.959,95.22176641225815,54.2,0.9579765796661377,56.124,93.90006995201111,55.8,0.951195240020752,63.355,81.62022256851196,60.8,0.8410451412200928
1.08,55.169,94.88717120885849,54.7,0.9500499367713928,56.708,92.62952345609665,55.4,0.9326381087303162,63.248,81.80182892084122,61.0,0.8472146391868591
1.09,53.639,96.10543459653854,53.5,0.9598246216773987,54.157,95.72708332538605,54.3,0.9603119492530823,63.606,81.34735178947449,60.7,0.8436562418937683
1.1,54.024,95.6999419927597,53.6,0.9582653641700745,57.973,91.36485034227371,56.2,0.9227569699287415,63.605,81.37364357709885,61.5,0.8444394469261169
1.11,55.114,94.70364105701447,54.8,0.952600359916687,55.326,94.67592912912369,54.2,0.9582065343856812,63.57,81.55931198596954,61.8,0.8446260690689087
1.12,55.214,94.99924594163895,54.7,0.9575889706611633,55.156,94.5656133890152,54.9,0.9561684131622314,63.769,81.36080479621887,61.9,0.8395401835441589
1.13,55.03,94.81480348110199,54.2,0.9537397623062134,57.845,91.7458935379982,57.8,0.9274357557296753,63.964,81.01740455627441,61.8,0.8340249061584473
1.1400000000000001,55.317,94.4641420841217,54.2,0.9471325874328613,57.431,91.95431876182556,55.3,0.9271419644355774,63.946,80.8573357462883,62.8,0.8360599875450134
1.15,55.485,94.23360693454742,54.4,0.9424785375595093,56.085,93.2759051322937,54.4,0.9374909400939941,63.178,81.88804322481155,61.3,0.8494352698326111
1.16,55.322,94.21397596597672,54.3,0.9432178735733032,57.47,91.99311834573746,55.4,0.9258453845977783,63.968,80.90433484315872,62.4,0.8379928469657898
1.17,55.264,94.34273719787598,54.4,0.9495119452476501,58.312,91.25578284263611,57.2,0.9198790192604065,64.232,80.501884162426,63.2,0.8295750021934509
1.18,55.168,94.51943075656891,54.0,0.9535406827926636,55.997,93.4492980837822,55.8,0.942166268825531,64.114,80.87914997339249,62.2,0.83199542760849
1.19,55.529,94.19964212179184,55.6,0.9485622644424438,55.967,93.38727158308029,55.6,0.9407418370246887,64.162,80.80678707361221,62.2,0.8330194354057312
1.2,55.285,94.14299488067627,54.0,0.9441567063331604,58.343,91.12676787376404,57.4,0.9169890284538269,64.533,80.20512944459915,62.8,0.8285495638847351
1.21,56.063,93.37468254566193,54.1,0.9351744055747986,57.299,91.91562962532043,55.9,0.9243387579917908,64.28,80.43942755460739,62.1,0.834228515625
1.22,56.401,93.05890339612961,55.0,0.9337599277496338,56.139,93.1915043592453,55.6,0.9375464916229248,63.892,80.88505578041077,62.5,0.8388751745223999
1.23,56.106,93.37066221237183,54.7,0.9394407272338867,57.564,91.74987667798996,55.5,0.9245562553405762,64.47,80.18673175573349,62.9,0.8291332721710205
1.24,55.789,93.68494099378586,54.7,0.9441238641738892,58.743,90.69922870397568,56.9,0.9142098426818848,64.465,80.30304819345474,63.0,0.8249728679656982
1.25,56.638,92.75021755695343,55.5,0.9315491914749146,57.269,91.99953323602676,57.7,0.9271112084388733,64.457,80.43841427564621,63.1,0.8285142183303833
1.26,56.191,93.07705771923065,55.7,0.9335721731185913,57.609,91.68604671955109,57.7,0.9238825440406799,64.442,80.28474819660187,63.4,0.8307729959487915
1.27,56.249,92.956696331501,54.9,0.9311686158180237,58.899,90.40428823232651,57.6,0.9126188158988953,64.378,80.18794304132462,63.0,0.830151379108429
1.28,56.738,92.42285025119781,56.5,0.9287101626396179,57.843,91.39872527122498,55.6,0.9245865941047668,64.642,79.7837917804718,62.8,0.8219625949859619
1.29,56.812,92.43761974573135,57.0,0.9323274493217468,57.21,92.02077162265778,54.6,0.9321656227111816,64.469,80.03826254606247,63.5,0.8205359578132629
1.3,56.697,92.48472893238068,56.0,0.9344030618667603,58.501,90.51018625497818,56.2,0.9145492911338806,64.47,80.09592723846436,63.5,0.8210223913192749
1.31,56.852,92.24265658855438,55.9,0.9309802055358887,58.894,90.09314727783203,57.0,0.9075993299484253,64.769,79.7049332857132,63.6,0.8199656009674072
1.32,56.599,92.51006209850311,56.7,0.9301343560218811,58.733,90.29240477085114,56.9,0.909870445728302,64.432,79.93615025281906,61.8,0.8295391201972961
1.33,56.65,92.24871855974197,56.6,0.9293858408927917,58.793,90.22779983282089,58.3,0.9113346934318542,63.677,81.09178215265274,61.2,0.8460817337036133
1.34,55.947,92.82769602537155,55.0,0.9415441751480103,58.93,90.2483537197113,57.8,0.9158326983451843,64.385,80.04004806280136,62.4,0.8327491283416748
1.35,56.741,92.35166150331497,56.6,0.9406458735466003,59.299,89.65476030111313,56.9,0.9096195101737976,64.723,79.83770203590393,63.3,0.8234003186225891
1.3599999999999999,56.809,92.17481189966202,55.7,0.9332796335220337,59.353,89.3992355465889,56.4,0.9057387113571167,63.616,81.74461179971695,62.6,0.8377443552017212
1.37,55.638,93.82204169034958,56.0,0.9452537298202515,58.551,90.0122697353363,56.5,0.9086048603057861,64.178,81.04905956983566,62.6,0.8346532583236694
1.38,57.476,91.38368541002274,56.4,0.9286404848098755,57.543,91.10704165697098,56.9,0.9163256883621216,64.768,79.99371647834778,62.6,0.8320725560188293
1.3900000000000001,56.037,93.41603803634644,55.7,0.9545373320579529,59.583,89.05613142251968,56.5,0.9020185470581055,64.091,80.62211537361145,62.0,0.8449849486351013
1.4,57.084,91.73123723268509,55.9,0.9324687719345093,58.485,90.52093011140823,58.1,0.9205407500267029,63.716,81.04153490066528,61.2,0.8522644639015198
1.41,57.128,91.55509626865387,56.8,0.9225740432739258,59.24,89.64366567134857,58.0,0.9088318347930908,64.513,79.78094530105591,61.6,0.8338965773582458
1.42,57.027,91.69059926271439,56.9,0.9236418604850769,58.795,89.68189704418182,57.1,0.9020859599113464,64.028,80.1937547326088,61.6,0.8302784562110901
1.43,57.74,90.9388507604599,57.3,0.9198241829872131,58.884,89.46675848960876,56.4,0.8999823927879333,63.722,81.0117381811142,61.3,0.8331705927848816
1.44,57.175,91.45074927806854,56.4,0.9301508665084839,59.788,88.6665855050087,56.3,0.8951785564422607,64.632,79.86861616373062,62.7,0.8226879239082336
1.45,57.167,91.47128885984421,56.5,0.9310173392295837,59.104,89.61784195899963,58.4,0.9087833762168884,65.152,79.02432471513748,62.4,0.8200775384902954
1.46,57.595,90.77106523513794,58.0,0.919666588306427,59.36,89.27902555465698,58.8,0.9049990177154541,64.961,79.40713709592819,62.1,0.8289459347724915
1.47,57.221,91.12804394960403,56.7,0.9214330911636353,59.607,88.65996497869492,57.3,0.8936153650283813,64.515,79.82802814245224,62.4,0.8363073468208313
1.48,58.028,90.33828043937683,57.3,0.9188637137413025,59.381,88.77161574363708,56.9,0.8938273191452026,64.989,79.02938669919968,62.9,0.8268516063690186
1.49,57.388,91.04227203130722,53.6,0.9312444925308228,59.806,88.45761460065842,58.2,0.8930535912513733,65.132,78.71961706876755,62.6,0.8180321455001831
1.5,56.272,92.30212092399597,53.4,0.9477739334106445,59.702,88.72083270549774,58.5,0.899189829826355,64.656,79.51261353492737,62.9,0.820827305316925
1.51,58.286,90.08788669109344,56.7,0.9212740659713745,60.057,88.24823474884033,57.6,0.8957351446151733,64.488,79.75784921646118,63.5,0.8220545053482056
1.52,56.784,91.76474791765213,54.5,0.9359548091888428,60.21,87.96710675954819,57.8,0.8909152150154114,64.896,78.98847562074661,63.6,0.8158449530601501
1.53,57.23,91.0423332452774,54.9,0.9304828643798828,59.835,88.24997270107269,58.2,0.892062783241272,65.39,78.2715682387352,63.6,0.8139037489891052
1.54,58.237,89.96199399232864,55.3,0.9259307384490967,59.844,88.22346818447113,57.5,0.891992449760437,65.032,78.76746088266373,63.9,0.8223198056221008
1.55,57.609,90.70617079734802,54.6,0.9355264902114868,60.286,87.80668330192566,57.5,0.891217052936554,64.861,79.19875890016556,62.9,0.826578676700592
1.56,58.012,90.14166414737701,54.8,0.9292052984237671,60.212,88.20425367355347,57.6,0.8999804854393005,65.154,78.63779491186142,63.7,0.8190959095954895
1.5699999999999998,57.88,89.9817767739296,56.9,0.9225767850875854,59.438,89.1338478922844,57.0,0.9121248126029968,65.457,78.01536828279495,64.3,0.80873703956604
1.58,57.494,90.45591288805008,56.8,0.9230577349662781,60.367,87.92121559381485,56.8,0.8966871500015259,65.148,78.62453192472458,63.9,0.8087774515151978
1.5899999999999999,58.681,89.25449794530869,56.3,0.9163942933082581,58.923,88.95150244235992,57.6,0.900648832321167,64.794,79.08494365215302,63.8,0.8119186758995056
1.6,58.271,89.75643980503082,56.9,0.9260644316673279,58.235,89.88047105073929,57.8,0.9084785580635071,65.277,78.33815717697144,64.2,0.8074190616607666
1.6099999999999999,58.436,89.27872842550278,56.5,0.9192163944244385,60.198,87.82223731279373,58.4,0.8923710584640503,65.642,77.86288034915924,64.4,0.8069239854812622
1.62,57.99,89.70077735185623,56.6,0.9182964563369751,59.189,89.91483265161514,57.8,0.9206606149673462,65.575,78.03629839420319,63.0,0.8119735717773438
1.63,57.748,90.10641926527023,56.7,0.9211763739585876,58.304,90.63381463289261,56.2,0.9304755330085754,65.516,78.39274543523788,62.6,0.8143972754478455
1.6400000000000001,58.466,89.6087498664856,57.3,0.9258747100830078,60.518,87.47409808635712,58.3,0.892588198184967,65.563,78.43269401788712,63.8,0.812329888343811
1.65,57.672,90.45966392755508,55.6,0.9356690645217896,57.702,90.2162526845932,56.9,0.9156028628349304,65.767,77.9083508849144,63.1,0.8050102591514587
1.6600000000000001,58.408,89.78654128313065,55.9,0.9224539399147034,59.27,88.53668332099915,57.6,0.9034309983253479,65.505,78.02451860904694,63.7,0.8059022426605225
1.67,57.855,90.07140761613846,56.8,0.919143795967102,60.588,87.46545428037643,58.1,0.8988016843795776,65.129,78.464091360569,64.2,0.8114402890205383
1.6800000000000002,56.689,91.2364017367363,55.1,0.9334895014762878,59.579,89.07279843091965,58.2,0.9173760414123535,65.56,77.89385885000229,63.9,0.8066858649253845
1.69,57.473,90.07603949308395,55.8,0.9234604835510254,60.155,88.20427370071411,58.7,0.9078893661499023,65.89,77.65570706129074,63.5,0.8043265342712402
1.7,59.133,88.57567977905273,58.0,0.913252592086792,60.735,87.21873164176941,58.4,0.8955575823783875,65.974,77.69614642858505,64.0,0.806576132774353
1.71,57.617,90.2813549041748,54.4,0.9364403486251831,59.791,88.06894242763519,57.2,0.902953028678894,65.931,77.65737301111221,63.9,0.8082038760185242
1.72,57.58,90.36842691898346,55.1,0.9383713006973267,60.777,87.10955053567886,57.9,0.8943398594856262,65.748,77.75042253732681,63.7,0.8122928142547607
1.73,59.229,88.61348515748978,57.3,0.9162295460700989,60.731,87.46328032016754,58.1,0.9007436037063599,65.885,77.44980961084366,63.8,0.8083720207214355
1.74,57.49,90.06425321102142,56.6,0.9265467524528503,59.924,88.51230370998383,57.8,0.9135205149650574,65.94,77.33010965585709,63.6,0.8072174191474915
1.75,57.144,90.45016831159592,55.8,0.9300412535667419,60.487,87.70859777927399,58.0,0.9040621519088745,66.057,77.15516126155853,64.0,0.803952157497406
1.76,58.847,88.98412585258484,57.9,0.9126942157745361,60.924,86.84792149066925,57.9,0.8905081152915955,65.992,77.18262827396393,63.9,0.8043578267097473
1.77,58.772,89.42844837903976,56.2,0.9207466244697571,60.047,87.51175439357758,57.4,0.8936758637428284,65.917,77.19039607048035,63.8,0.8052960634231567
1.78,58.302,89.73259603977203,55.5,0.9253804087638855,60.444,87.07128310203552,58.3,0.8904432654380798,66.144,76.91780823469162,63.7,0.8048151731491089
1.79,59.236,88.9544842839241,57.8,0.9158003926277161,61.012,86.73863917589188,58.7,0.8899163007736206,66.312,76.73527067899704,63.4,0.8043838143348694
1.8,59.704,88.18876612186432,58.3,0.9039921164512634,60.937,86.93614059686661,57.8,0.8940948247909546,66.341,76.86238437891006,63.6,0.8052566051483154
1.81,58.198,89.43975347280502,57.7,0.9114267826080322,60.957,86.89305347204208,58.0,0.8949640989303589,66.213,77.10920763015747,64.0,0.8077181577682495
1.8199999999999998,58.216,89.44958120584488,57.5,0.9122674465179443,61.311,86.3938130736351,58.2,0.8874914646148682,66.524,76.46233540773392,63.9,0.8023028373718262
1.83,58.936,88.47741883993149,58.1,0.9068993926048279,60.491,87.1518560051918,58.7,0.8916183114051819,66.302,76.67345958948135,63.8,0.80610591173172
1.8399999999999999,59.738,87.85651868581772,57.4,0.9055579304695129,60.171,87.43462884426117,57.5,0.8944392204284668,66.146,76.96000224351883,63.2,0.8084010481834412
1.85,58.623,88.94473761320114,55.5,0.9206286072731018,61.286,86.32834380865097,58.8,0.8886386156082153,66.326,76.66794222593307,63.4,0.8065917491912842
1.8599999999999999,58.891,88.59614831209183,55.9,0.9168943166732788,60.826,86.66275304555893,57.1,0.8980286121368408,66.701,76.23646813631058,64.4,0.8024056553840637
1.87,59.84,87.27413719892502,58.5,0.899412989616394,60.142,87.11384838819504,56.0,0.9043958783149719,66.598,76.35379260778427,64.3,0.8048906922340393
1.88,58.843,88.40670466423035,58.1,0.9069586396217346,61.322,86.1849747300148,57.6,0.8911055326461792,66.591,76.40072971582413,64.0,0.8056216239929199
1.8900000000000001,59.14,87.84955137968063,59.2,0.9027848839759827,60.893,86.75672918558121,58.8,0.8907294869422913,66.779,76.08660459518433,64.4,0.8015664219856262
1.9,60.076,87.03519922494888,57.7,0.900333046913147,60.801,86.7263258099556,58.4,0.8926571011543274,66.881,75.97993928194046,64.5,0.7984089851379395
1.9100000000000001,58.793,88.45811134576797,56.1,0.9188700914382935,61.3,86.0814887881279,58.5,0.8884888291358948,66.758,76.18336057662964,63.6,0.7982774376869202
1.92,59.598,87.50637435913086,57.5,0.906254231929779,61.134,86.03157931566238,57.5,0.8937469720840454,66.663,76.18899416923523,64.4,0.7992599606513977
1.9300000000000002,60.075,86.87231385707855,59.5,0.893873393535614,61.281,86.01313757896423,58.1,0.8947784900665283,66.32,76.38808315992355,63.8,0.8039170503616333
1.94,59.382,87.45321506261826,59.1,0.8963426351547241,61.529,85.80290442705154,57.7,0.8909253478050232,66.513,76.22815269231796,63.5,0.8044453859329224
1.95,59.063,87.86077344417572,58.9,0.8981997966766357,61.435,85.72502756118774,57.5,0.8857839107513428,66.839,75.82966637611389,63.5,0.8012279272079468
1.96,60.064,86.79953008890152,58.8,0.8925362825393677,61.294,86.03801906108856,56.9,0.8867284655570984,66.981,75.90682834386826,63.8,0.7991202473640442
1.97,59.573,87.62448513507843,57.4,0.9087938070297241,61.627,85.71814519166946,57.8,0.8867442607879639,66.546,76.37676292657852,64.2,0.801750659942627
1.98,58.728,88.65915828943253,57.0,0.9227802157402039,61.684,85.52061605453491,58.4,0.8857630491256714,67.067,75.586110830307,63.1,0.7976531386375427
1.99,60.075,87.03902715444565,57.0,0.9023350477218628,61.67,85.42155426740646,57.6,0.8820943236351013,66.946,75.45942723751068,63.7,0.8013731241226196
2.01,59.638,87.06445288658142,59.0,0.8932828307151794,61.748,85.37042683362961,57.9,0.8847610354423523,66.846,75.54889190196991,63.5,0.8054075241088867
2.02,59.674,87.05891686677933,58.8,0.8917099237442017,62.03,85.16735196113586,58.4,0.8839377760887146,67.123,75.21444320678711,63.8,0.7999761700630188
2.03,60.334,86.53884083032608,58.2,0.8941137194633484,61.648,85.56488823890686,57.8,0.8842054605484009,67.188,75.18212932348251,64.3,0.7984758615493774
2.04,60.351,86.65436041355133,57.7,0.8956538438796997,61.941,85.1184830069542,57.9,0.8814559578895569,67.17,75.1901462674141,64.5,0.7982149720191956
2.05,59.756,87.55486357212067,58.3,0.9031577706336975,61.807,85.29865664243698,57.8,0.8891960978507996,67.251,75.12066566944122,64.2,0.7984775900840759
2.06,60.503,86.5540856719017,58.0,0.8929522633552551,62.139,85.04903829097748,58.1,0.8868827223777771,67.31,74.90437805652618,63.8,0.7961628437042236
2.07,59.494,87.46854817867279,58.3,0.9021409153938293,62.105,84.89756846427917,58.2,0.8820703029632568,67.347,74.84731757640839,64.1,0.7954747676849365
2.08,60.207,86.56577253341675,59.8,0.888157308101654,61.924,85.06463634967804,58.7,0.882851779460907,67.456,74.73313647508621,64.7,0.7948334217071533
2.09,58.585,88.64134609699249,58.6,0.9044978618621826,62.178,84.80415034294128,58.2,0.8828494548797607,67.44,74.79367673397064,64.0,0.7903820872306824
2.1,60.564,86.19061225652695,60.3,0.8859072327613831,62.376,84.69326305389404,58.7,0.885126531124115,67.475,74.75650334358215,64.4,0.7890410423278809
2.11,58.693,88.6657122373581,56.2,0.9213617444038391,62.373,84.5923952460289,58.5,0.8839847445487976,67.511,74.56799864768982,64.7,0.7898765802383423
2.12,59.541,87.64560598134995,58.0,0.9136201739311218,62.448,84.5415004491806,59.2,0.8847464323043823,67.315,74.72698503732681,65.3,0.7934565544128418
2.13,58.847,89.24696391820908,57.4,0.9228280782699585,62.26,84.67945581674576,58.9,0.8850367069244385,67.335,74.87066251039505,65.4,0.7935011386871338
2.14,60.069,86.95944714546204,59.4,0.8992791175842285,62.354,84.33078444004059,58.3,0.8781758546829224,67.518,74.90451020002365,65.4,0.7889586091041565
2.15,59.695,86.98232036828995,56.7,0.9064403772354126,62.154,84.4863012433052,58.8,0.8783680200576782,67.603,74.79675084352493,65.1,0.7878581285476685
2.16,59.572,87.09222626686096,56.3,0.9080457091331482,62.038,84.6306324005127,58.0,0.8843564391136169,67.443,74.80446165800095,64.9,0.7896430492401123
2.17,60.651,86.00949907302856,59.5,0.8914183378219604,61.723,84.82069253921509,58.0,0.8908089995384216,67.369,74.61162096261978,64.7,0.7941846251487732
2.18,59.358,88.35380125045776,58.0,0.9112462997436523,61.763,85.24242794513702,59.2,0.8929940462112427,67.488,74.50097388029099,64.4,0.7935037612915039
2.19,60.282,86.1757640838623,58.3,0.892271101474762,62.4,84.3059538602829,59.6,0.8791214823722839,67.754,74.4746772646904,64.6,0.792191743850708
2.2,60.542,85.98549944162369,58.4,0.8930568695068359,61.644,84.98597252368927,59.4,0.8819741010665894,67.775,74.37456595897675,64.3,0.7920244932174683
2.21,59.464,87.28614830970764,56.8,0.9073565006256104,62.596,84.02905267477036,59.7,0.873626708984375,67.634,74.25462085008621,64.5,0.793148934841156
2.22,60.786,85.71624571084976,60.2,0.8861717581748962,62.714,84.04850643873215,59.4,0.878420352935791,67.695,74.16998982429504,64.5,0.7935181856155396
2.23,60.053,86.65650457143784,60.2,0.8947851657867432,62.696,84.04852050542831,58.9,0.8782207369804382,67.8,73.94528269767761,63.9,0.7920839786529541
2.24,61.126,85.3197585940361,60.7,0.88600754737854,62.688,83.80125838518143,59.0,0.8724023103713989,67.894,73.86951249837875,63.8,0.7923462986946106
2.25,60.418,86.29977935552597,58.6,0.8989171981811523,62.663,83.8200855255127,58.5,0.8716990947723389,67.746,73.91746520996094,64.1,0.7940487861633301
2.26,61.15,85.27734446525574,60.9,0.885537326335907,62.672,83.85608667135239,58.3,0.872114360332489,67.886,73.79769939184189,64.0,0.7917320728302002
2.27,60.034,86.64624059200287,59.5,0.8955432772636414,62.633,83.88541823625565,58.2,0.8714913725852966,67.643,74.15289443731308,63.6,0.7915422916412354
2.2800000000000002,61.089,85.28341329097748,59.7,0.8851620554924011,62.809,83.66876089572906,58.1,0.8716825246810913,67.785,73.93912154436111,64.1,0.7905162572860718
2.29,60.509,86.2603068947792,59.2,0.8991265892982483,62.778,83.6334473490715,58.2,0.8700880408287048,67.891,73.78250050544739,64.5,0.7951322197914124
2.3,59.14,88.09814757108688,57.6,0.9187676310539246,63.001,83.44684821367264,58.5,0.8715524077415466,67.362,74.42764544487,63.9,0.8081563115119934
2.31,61.063,85.29310047626495,58.6,0.8861939311027527,62.791,83.6979570388794,58.6,0.8785444498062134,67.666,73.94450080394745,63.5,0.8037942051887512
2.32,59.381,87.77557563781738,58.1,0.9063314199447632,62.487,84.11980491876602,58.8,0.8822578191757202,67.246,74.39467823505402,63.8,0.8005274534225464
2.33,60.914,85.47900056838989,60.0,0.8842669725418091,63.087,83.26149815320969,57.9,0.8737367391586304,66.621,75.75650835037231,63.3,0.8091359734535217
2.34,60.986,85.43848699331284,60.2,0.8869366645812988,62.495,83.86045145988464,59.8,0.8804851174354553,67.701,74.04010009765625,64.0,0.7938039302825928
2.35,60.332,86.2497718334198,59.4,0.8963360786437988,63.126,83.1676544547081,58.9,0.8727526664733887,67.973,73.64097368717194,64.5,0.7997581958770752
2.36,61.123,85.48593461513519,60.1,0.8874568343162537,62.557,84.17623764276505,59.1,0.8796288967132568,66.751,75.58163744211197,62.5,0.8212574124336243
2.37,61.205,85.22312235832214,60.3,0.881361186504364,63.269,83.08621942996979,59.4,0.869762122631073,67.615,74.50295633077621,63.6,0.8037869334220886
2.38,60.788,85.68139338493347,59.8,0.8844946622848511,61.629,84.88775205612183,59.1,0.8925291299819946,68.338,73.49936467409134,65.1,0.7866693139076233
2.39,61.302,85.05249375104904,60.5,0.8800989985466003,61.681,84.77415496110916,59.6,0.8940252065658569,67.88,73.95901066064835,65.1,0.7882573008537292
2.4,61.297,84.91821545362473,60.3,0.883389949798584,63.042,83.32476055622101,59.1,0.8761612176895142,67.45,74.46795529127121,63.7,0.7941244840621948
2.41,61.076,85.05338406562805,59.8,0.8863241076469421,61.321,84.86193323135376,57.6,0.8943699598312378,67.619,74.18208414316177,64.9,0.7941727042198181
2.42,61.739,84.47388511896133,60.2,0.8820018768310547,62.8,83.58136874437332,58.2,0.8863229751586914,67.967,73.76025480031967,64.1,0.7938126921653748
2.43,61.483,84.79110044240952,59.5,0.8872819542884827,61.706,84.9355862736702,58.7,0.8980630040168762,68.382,73.30528837442398,64.7,0.7879299521446228
2.44,61.431,84.76104700565338,60.0,0.8837425112724304,63.034,83.25281286239624,60.5,0.8748725056648254,68.381,73.37272542715073,64.5,0.7859439253807068
2.45,61.646,84.23112136125565,61.3,0.8769484758377075,62.642,83.91770964860916,59.5,0.8798332810401917,68.239,73.7227098941803,64.8,0.7883004546165466
2.46,60.944,84.95948028564453,59.1,0.8868643641471863,63.24,83.13448768854141,60.3,0.8759857416152954,68.362,73.25517028570175,65.0,0.787693440914154
2.4699999999999998,61.66,84.22295796871185,59.9,0.8838902711868286,63.269,82.85734516382217,59.2,0.8797363638877869,68.394,72.9357036948204,65.2,0.7900092601776123
2.48,61.402,84.49562656879425,58.3,0.888886570930481,62.675,83.33271288871765,57.6,0.8872754573822021,68.265,73.00427895784378,64.3,0.7908197045326233
2.49,61.73,84.1864418387413,58.9,0.8850602507591248,63.451,82.610023021698,59.6,0.8771951794624329,68.548,72.67170989513397,65.0,0.783467173576355
2.5,61.745,84.00461864471436,61.2,0.8791402578353882,63.698,82.64908540248871,60.6,0.8746305108070374,68.555,72.81061792373657,65.4,0.7809104323387146
2.51,61.499,84.2926617860794,60.6,0.8800192475318909,63.625,82.7551047205925,60.5,0.8759910464286804,68.576,72.87608170509338,65.5,0.7825629115104675
2.52,62.107,83.71190130710602,62.0,0.8779062628746033,63.561,82.56414240598679,59.6,0.8753803968429565,68.737,72.55083972215652,65.8,0.7827858924865723
2.5300000000000002,62.169,83.79701340198517,60.9,0.8812884092330933,62.848,82.99064511060715,57.8,0.8848333954811096,68.678,72.45127230882645,64.7,0.7875282764434814
2.54,61.45,84.78995907306671,59.6,0.8955346345901489,63.176,82.88565117120743,58.7,0.8798670172691345,68.604,72.52925276756287,63.7,0.7887164354324341
2.55,61.576,84.78452402353287,58.8,0.8921135067939758,63.677,82.39030295610428,59.1,0.8759615421295166,68.749,72.34157121181488,64.2,0.7814356684684753
2.56,62.025,84.04954624176025,60.0,0.878263533115387,62.994,83.03378683328629,57.8,0.885129451751709,68.777,72.39813727140427,64.5,0.7798609137535095
2.57,61.657,84.36385184526443,60.4,0.8783775568008423,63.633,82.38381093740463,59.5,0.8740760087966919,68.791,72.5303361415863,64.6,0.7820162773132324
2.58,61.849,83.9451157450676,60.7,0.8731173276901245,63.065,82.90439796447754,59.1,0.8730001449584961,68.743,72.56489223241806,64.3,0.7844436168670654
2.59,61.997,83.82496297359467,60.1,0.8738929033279419,63.374,82.49129283428192,59.8,0.8718833327293396,68.904,72.31210887432098,63.8,0.7825807929039001
2.6,61.486,84.41758662462234,59.4,0.88095623254776,63.768,82.14059972763062,59.4,0.8738183975219727,68.812,72.34366548061371,63.6,0.7851141691207886
2.61,61.572,84.2300129532814,60.1,0.8804383277893066,63.677,82.35643494129181,59.4,0.8819574117660522,68.633,72.45095390081406,62.9,0.7873520851135254
2.62,61.404,84.26670223474503,58.4,0.8791052103042603,63.957,81.98866069316864,60.1,0.876541793346405,69.021,72.00937294960022,64.0,0.7818770408630371
2.63,61.801,83.84487581253052,61.1,0.8716070652008057,64.096,81.80395752191544,59.5,0.8748929500579834,69.026,72.09322744607925,64.5,0.7818917036056519
2.64,60.705,85.24680954217911,60.0,0.8834050893783569,63.848,82.06766843795776,59.5,0.8804298043251038,69.104,71.81586307287216,65.0,0.782224178314209
2.65,62.289,83.5535734295845,59.3,0.8754851818084717,64.026,81.87240469455719,59.3,0.8806524872779846,68.401,72.44032710790634,63.2,0.7975950837135315
2.66,61.634,84.56006127595901,59.4,0.8934704661369324,64.21,81.531907081604,59.4,0.8765140175819397,68.408,72.5426687002182,63.1,0.8001004457473755
2.67,62.089,83.7282527089119,59.6,0.8815593719482422,64.176,81.53307175636292,59.5,0.8766615986824036,69.093,71.63496339321136,64.4,0.7869875431060791
2.68,62.146,83.56196570396423,60.8,0.8737236261367798,64.038,81.5982438325882,59.2,0.880225658416748,69.251,71.98552161455154,64.8,0.7853360772132874
2.69,61.831,84.08166581392288,60.0,0.8790192604064941,63.736,82.02053028345108,57.9,0.8867923021316528,69.334,71.92338961362839,65.1,0.7838261127471924
2.7,62.398,83.33566176891327,60.1,0.8784923553466797,63.999,81.55764919519424,60.0,0.8788585662841797,69.353,71.45049786567688,65.4,0.7819541692733765
2.71,61.507,84.5138401389122,60.1,0.8934667706489563,63.003,82.63818085193634,59.4,0.8807936310768127,69.312,71.38632029294968,66.1,0.7816594243049622
2.7199999999999998,62.577,82.88163030147552,61.7,0.8697631359100342,63.848,81.93926328420639,59.3,0.883160412311554,69.336,71.34898799657822,65.9,0.779846727848053
2.73,61.364,84.45362484455109,60.6,0.876642644405365,63.369,82.70124858617783,58.4,0.8956918120384216,69.302,71.40508717298508,66.1,0.7797858715057373
2.74,62.544,82.86140006780624,60.4,0.8635231256484985,64.075,81.65511566400528,59.0,0.8811602592468262,69.439,71.30387943983078,65.9,0.7737188339233398
2.75,61.744,84.20817744731903,60.4,0.8846503496170044,62.091,83.76954370737076,57.6,0.8902695775032043,69.392,71.41822677850723,66.4,0.7711228132247925
2.76,62.586,82.89895898103714,61.1,0.8691324591636658,63.996,81.6527174115181,59.5,0.8735151290893555,69.389,71.37535679340363,66.2,0.7712421417236328
2.77,62.339,83.24067610502243,59.8,0.8684665560722351,63.366,82.41888737678528,60.0,0.8885322213172913,69.027,71.69106644392014,65.6,0.7814079523086548
2.7800000000000002,62.402,83.18271642923355,60.6,0.8690068125724792,63.68,82.15925621986389,58.4,0.8876120448112488,68.818,71.91303223371506,65.3,0.7863051295280457
2.79,62.654,83.04961997270584,60.7,0.876548171043396,64.391,81.24443519115448,59.1,0.8748136162757874,69.256,71.17351996898651,65.3,0.7749426364898682
2.8,60.98,85.33313566446304,59.7,0.9048266410827637,62.768,82.99822270870209,58.5,0.8829019665718079,69.153,71.52050304412842,65.3,0.7727728486061096
2.81,62.992,82.51128500699997,60.9,0.8688731789588928,64.028,81.5508804321289,60.0,0.8710442781448364,68.975,71.72838723659515,65.4,0.7756624221801758
2.82,60.889,85.32622110843658,59.2,0.8923704028129578,63.674,82.32063335180283,59.1,0.8888901472091675,69.275,71.27188414335251,65.5,0.7752785682678223
2.83,62.408,83.10547268390656,59.3,0.8725875616073608,63.039,82.67267048358917,57.5,0.8944116234779358,69.19,71.29857003688812,66.1,0.7805565595626831
2.84,62.659,82.8905178308487,59.8,0.874302089214325,64.511,80.96099025011063,59.7,0.8728944659233093,68.642,72.31229370832443,65.4,0.7906652092933655
2.85,61.675,84.21296244859695,59.8,0.8871768712997437,63.844,81.48325860500336,59.5,0.8718283772468567,69.047,71.7580953836441,65.7,0.7834227681159973
2.86,62.289,83.1102529168129,60.9,0.866686224937439,63.288,82.65593236684799,60.0,0.8798160552978516,69.725,70.93857008218765,66.2,0.772378146648407
2.87,61.049,84.81977146863937,59.7,0.8823036551475525,64.0,81.745869576931,60.2,0.8788958787918091,68.687,72.36259293556213,64.4,0.7856978178024292
2.88,63.005,82.45955336093903,60.8,0.8664387464523315,63.797,82.3668383359909,58.9,0.8903669118881226,68.887,72.21172285079956,65.0,0.785509467124939
2.89,61.229,84.7002944946289,58.6,0.8972734808921814,64.362,81.50953471660614,58.8,0.8809415102005005,69.761,71.17142313718796,65.8,0.7778483033180237
2.9,61.403,84.20577484369278,58.4,0.88990718126297,63.593,82.17392492294312,59.1,0.880561888217926,69.565,71.41371023654938,65.4,0.7816662192344666
2.91,62.429,83.06294149160385,60.4,0.8679945468902588,62.073,83.85947173833847,58.8,0.8924991488456726,68.966,72.22564601898193,65.5,0.7916769981384277
2.92,59.9,86.58485907316208,58.2,0.9000175595283508,64.831,80.89626425504684,60.5,0.8667111992835999,69.212,71.70345157384872,65.0,0.789132297039032
2.93,62.874,82.62310320138931,59.4,0.8687593936920166,64.83,81.18052911758423,59.0,0.8732539415359497,69.872,70.78969889879227,64.9,0.7837080955505371
2.94,61.514,84.50018411874771,58.7,0.895604133605957,64.343,81.73461890220642,58.6,0.8799422383308411,69.471,71.2022300362587,64.3,0.7892168760299683
2.95,62.104,83.52272206544876,59.6,0.8836480975151062,65.088,80.76834970712662,59.8,0.8682325482368469,68.842,72.04924613237381,64.1,0.7960534691810608
2.96,62.728,82.67716866731644,60.0,0.867186427116394,64.571,81.08580714464188,60.7,0.866105854511261,69.183,71.79190236330032,64.3,0.7889969944953918
2.9699999999999998,61.857,83.68772995471954,60.7,0.8703554272651672,64.467,81.11907631158829,60.8,0.8648033738136292,69.634,71.14763563871384,65.3,0.7813113331794739
2.98,62.431,82.85990303754807,61.7,0.8615053296089172,65.018,80.68770891427994,60.4,0.8647752404212952,69.808,70.626857817173,65.2,0.779784619808197
2.99,62.596,82.64286929368973,61.4,0.863379955291748,64.274,81.48159247636795,59.6,0.8750256896018982,69.492,71.05040454864502,64.9,0.7875621914863586
3.01,62.481,82.72801470756531,58.2,0.8721525073051453,64.81,80.35020887851715,60.5,0.8592037558555603,69.939,70.45943629741669,65.5,0.7780563831329346
3.02,62.557,82.76131564378738,58.4,0.8713583946228027,64.18,80.87355428934097,60.8,0.8607875108718872,69.921,70.55167126655579,65.9,0.774550199508667
3.03,63.182,82.08341878652573,62.1,0.8595503568649292,65.045,80.18968653678894,60.4,0.8574676513671875,69.828,70.65621733665466,66.2,0.7775270342826843
3.04,61.602,84.07774382829666,60.4,0.879838228225708,64.868,80.43789529800415,59.8,0.8663788437843323,69.576,70.68234550952911,65.9,0.7844104766845703
3.05,62.133,83.33317375183105,60.4,0.8708019852638245,64.613,80.78258061408997,59.5,0.8746406435966492,69.782,70.20749819278717,65.0,0.783991813659668
3.06,62.716,82.65816253423691,60.9,0.8659583330154419,64.932,80.07158863544464,60.3,0.8659312725067139,70.058,69.79978930950165,64.6,0.7837435007095337
3.07,62.471,83.05605351924896,59.2,0.8755773901939392,64.526,80.57518118619919,60.5,0.8624300360679626,70.118,69.92133498191833,66.3,0.7831624150276184
3.08,63.249,81.91125613451004,61.3,0.8659051060676575,64.323,81.1975029706955,60.0,0.8677098751068115,69.982,70.14684420824051,66.7,0.784974217414856
3.09,61.18,84.62946832180023,58.7,0.8927743434906006,65.525,79.72350561618805,59.5,0.8643966317176819,70.221,69.53794008493423,65.4,0.782662570476532
3.1,62.995,81.93700021505356,61.1,0.8622811436653137,62.085,83.06047052145004,56.7,0.9107967615127563,70.203,69.48758298158646,65.0,0.7871959209442139
3.11,62.06,83.5107735991478,60.1,0.8710131049156189,63.819,81.70557594299316,58.1,0.8942869901657104,69.872,69.96783328056335,64.4,0.7942744493484497
3.12,62.526,82.94013720750809,60.0,0.8666964173316956,65.258,80.01105976104736,60.2,0.8662132620811462,70.338,69.39420181512833,64.7,0.7841702699661255
3.13,62.749,82.39481943845749,60.1,0.8704378008842468,64.096,80.89190423488617,59.1,0.8690346479415894,70.338,69.59039974212646,64.9,0.7755814790725708
3.14,62.148,83.35439747571945,58.8,0.8830673694610596,65.335,79.6177967786789,60.8,0.8630809187889099,70.311,69.81647861003876,65.8,0.7746649980545044
3.15,63.381,81.39490854740143,60.9,0.8590255379676819,64.804,80.48383235931396,59.1,0.8809328675270081,70.549,69.16510593891144,65.0,0.7762830257415771
3.16,62.538,82.76853376626968,60.7,0.8664042353630066,64.77,80.43847036361694,59.8,0.8791345953941345,70.241,69.5509465932846,65.1,0.7837405800819397
3.17,63.393,81.63728201389313,61.0,0.8600436449050903,64.86,79.97495996952057,60.2,0.870797872543335,70.438,69.31040740013123,65.2,0.7799521088600159
3.18,63.445,81.64649641513824,61.1,0.8701236248016357,64.304,80.26367652416229,59.4,0.8673490285873413,70.703,69.0094336271286,65.5,0.7682985067367554
3.19,62.49,83.0660388469696,59.8,0.8905085921287537,64.685,80.22448939085007,59.4,0.8733474612236023,70.302,69.88695347309113,65.7,0.771770179271698
3.2,63.053,82.08334583044052,60.3,0.8771880269050598,65.277,79.31239354610443,59.8,0.8733680844306946,70.704,68.95004510879517,65.4,0.7703506350517273
3.21,63.453,81.34568750858307,62.1,0.8567454218864441,64.053,80.99718600511551,59.2,0.8964369297027588,70.33,69.04240268468857,65.9,0.7829505205154419
3.22,61.452,84.03869152069092,60.6,0.8760835528373718,65.394,79.17116177082062,58.7,0.8760840892791748,70.024,69.51265907287598,65.0,0.7924413084983826
3.23,63.359,81.60753083229065,62.4,0.8588581681251526,64.6,80.4592010974884,58.4,0.8801478743553162,70.754,68.54640120267868,65.1,0.7741088271141052
3.24,61.678,83.90531235933304,59.2,0.8957034945487976,64.297,80.79503500461578,58.3,0.8822528123855591,70.572,69.20417815446854,65.1,0.7718532085418701
3.25,60.969,84.85028821229935,57.6,0.9107518196105957,65.351,79.40695291757584,60.0,0.8757949471473694,70.712,68.85548466444016,65.3,0.771292507648468
3.26,62.919,81.90329492092133,59.3,0.8714856505393982,63.013,82.59856009483337,58.6,0.9112046360969543,70.517,68.80280566215515,66.3,0.782511293888092
3.27,61.385,84.31019824743271,60.1,0.882244348526001,64.718,79.83267587423325,58.3,0.8808286786079407,70.079,69.553202688694,65.7,0.7946679592132568
3.2800000000000002,62.209,82.87932872772217,61.4,0.8657392263412476,64.607,80.0730459690094,58.4,0.8723213076591492,70.555,68.90371775627136,66.2,0.7825503945350647
3.29,63.403,81.5850300192833,60.2,0.8606742024421692,63.202,81.79189205169678,58.1,0.8796281218528748,70.812,68.85113036632538,66.6,0.7700449228286743
3.3,63.042,82.00387352705002,59.4,0.8726193904876709,65.647,78.97239482402802,60.6,0.8600923418998718,70.499,69.4493755698204,66.2,0.7698721289634705
3.31,62.547,83.01878124475479,58.6,0.8883053660392761,65.318,79.66692835092545,59.2,0.8728541135787964,70.696,68.88498270511627,66.0,0.7676708698272705
3.32,63.081,82.22887182235718,58.5,0.8785496950149536,64.685,80.31974864006042,58.2,0.8799827694892883,70.654,69.01575165987015,65.3,0.7755639553070068
3.33,63.762,81.55542397499084,60.5,0.866244375705719,65.942,78.63548469543457,60.3,0.8585890531539917,70.326,69.54312717914581,64.3,0.7866396903991699
3.34,63.329,81.74484211206436,61.8,0.8630553483963013,64.112,80.79276072978973,58.9,0.870669960975647,71.166,68.22903978824615,66.6,0.7677304744720459
3.35,62.891,82.445376932621,61.0,0.8685979843139648,63.646,81.22388571500778,58.6,0.8762365579605103,70.75,69.00731861591339,66.7,0.7670797109603882
3.36,63.684,81.2036964893341,61.8,0.8585713505744934,66.26,78.41741234064102,60.2,0.8618572354316711,70.696,69.08243602514267,66.9,0.7649791240692139
3.37,63.866,81.03660744428635,60.5,0.863906741142273,65.085,79.70511531829834,57.9,0.8830980658531189,71.188,68.24490654468536,65.7,0.7616229057312012
3.38,63.168,81.6709691286087,58.9,0.8760741949081421,65.789,78.91113752126694,59.0,0.87630295753479,71.302,67.95761877298355,66.1,0.7675644755363464
3.39,63.555,81.2217977643013,59.9,0.8695622682571411,66.348,78.31347852945328,59.6,0.8651505708694458,71.257,67.94548028707504,65.5,0.7722220420837402
3.4,63.719,80.84137415885925,61.5,0.8561136722564697,66.036,78.69084477424622,59.4,0.8674545288085938,71.261,68.01775968074799,65.8,0.7705820202827454
3.41,62.616,82.41765087842941,61.7,0.8656778931617737,66.167,78.23731029033661,59.3,0.8701223731040955,71.109,68.34478628635406,66.3,0.7713701725006104
3.42,63.521,81.08864283561707,61.8,0.8573336601257324,66.262,78.0877114534378,59.5,0.8709487915039062,71.241,68.21379858255386,66.0,0.7666618824005127
3.43,62.962,81.66426241397858,59.2,0.8791778087615967,66.337,78.26257580518723,60.4,0.8681555986404419,71.207,68.13326930999756,66.1,0.7671237587928772
3.44,61.652,83.00794750452042,57.5,0.9002156853675842,66.635,77.88030934333801,59.7,0.8672733902931213,70.848,68.61266005039215,65.1,0.7776779532432556
3.45,63.533,81.2336916923523,60.4,0.8771523833274841,66.602,77.83889609575272,59.7,0.8666098117828369,71.295,67.87816840410233,65.1,0.7721670866012573
3.46,64.089,80.5109806060791,62.0,0.8579719662666321,65.953,78.28306061029434,59.0,0.8742495775222778,71.355,67.74030685424805,65.9,0.7705113887786865
3.4699999999999998,61.57,83.65963345766068,60.0,0.8798573017120361,66.169,78.00829148292542,58.7,0.8743341565132141,71.038,68.38449174165726,65.6,0.7763903737068176
3.48,63.549,81.23129451274872,61.8,0.8597131967544556,65.555,78.86445099115372,60.1,0.8768559694290161,71.195,68.14716899394989,65.7,0.7695577144622803
3.49,64.089,80.36093753576279,62.0,0.859488308429718,66.649,77.42461204528809,60.0,0.859569787979126,71.73,67.47667104005814,65.4,0.7582960724830627
3.5,62.925,81.98785728216171,58.8,0.879202127456665,65.486,78.46264880895615,59.9,0.8674366474151611,71.576,67.81029999256134,65.8,0.7619229555130005
3.51,64.105,80.31662619113922,61.5,0.8570941090583801,66.273,77.78464329242706,60.1,0.855146050453186,71.17,68.27681225538254,65.7,0.7679387927055359
3.52,64.043,80.51248854398727,61.8,0.8512780070304871,65.942,78.53010016679764,61.4,0.8650090098381042,71.822,67.53699100017548,65.4,0.7606045603752136
3.5300000000000002,64.028,80.48464840650558,62.0,0.8501138091087341,66.745,77.72301006317139,61.0,0.8614662885665894,71.839,67.40027022361755,65.4,0.7562886476516724
3.54,64.635,79.75812888145447,62.2,0.8453803062438965,65.713,78.35565787553787,59.0,0.866928219795227,70.944,68.45232248306274,65.5,0.7677261829376221
3.55,64.595,79.89622765779495,61.3,0.8498053550720215,66.518,77.7682089805603,59.7,0.8558878302574158,71.171,67.9671391248703,64.7,0.7693734169006348
3.56,64.812,79.58781319856644,62.0,0.8437590599060059,64.314,81.01242738962173,59.9,0.881489098072052,71.807,67.0482097864151,66.1,0.7643979787826538
3.57,64.563,79.86743748188019,62.9,0.8429738879203796,66.356,78.29353511333466,61.0,0.8629379868507385,71.308,67.78450977802277,65.0,0.776982307434082
3.58,64.636,79.71696943044662,62.1,0.843498706817627,63.491,80.5719091296196,56.0,0.8978570103645325,71.108,68.04446732997894,65.4,0.781025767326355
3.59,64.681,79.65470838546753,62.2,0.8468273282051086,63.23,80.91687154769897,56.0,0.899389386177063,72.047,66.65021878480911,65.4,0.7651802897453308
3.6,64.854,79.42440402507782,61.7,0.8464453220367432,66.43,78.01039242744446,60.5,0.8585214614868164,71.864,66.90438622236252,66.8,0.7671054005622864
3.61,64.76,79.30986672639847,62.2,0.8487022519111633,63.752,81.9282768368721,58.8,0.8922771215438843,71.691,67.15085273981094,66.4,0.7726774215698242
3.62,64.98,79.12791353464127,61.9,0.8474709391593933,64.845,79.88508355617523,60.6,0.8796881437301636,72.007,66.73223549127579,65.7,0.7722363471984863
3.63,65.107,79.01053559780121,62.2,0.8472702503204346,65.732,78.40770226716995,58.1,0.8755075335502625,71.824,67.18808752298355,64.9,0.7775328159332275
3.64,65.075,78.98855012655258,62.0,0.8443773984909058,62.811,81.33875811100006,55.4,0.9061052203178406,71.196,68.31576025485992,65.1,0.7833092212677002
3.65,65.151,78.83647829294205,62.1,0.8441737294197083,66.899,77.47091120481491,60.8,0.8598370552062988,71.646,67.78268843889236,65.5,0.7688114643096924
3.66,65.068,78.89180821180344,61.4,0.8478849530220032,65.795,78.91506063938141,61.0,0.8704065084457397,71.877,67.24045860767365,66.0,0.76092129945755
3.67,65.274,78.68821620941162,62.4,0.8439610600471497,64.565,80.54896414279938,59.6,0.884378969669342,71.321,67.73478269577026,65.7,0.7757121324539185
3.68,65.238,78.69280254840851,62.7,0.8425338268280029,66.265,78.24198782444,61.5,0.8646586537361145,70.338,68.8351708650589,64.3,0.7942399382591248
3.69,65.118,78.80836844444275,63.0,0.8422088027000427,66.758,77.33153587579727,60.0,0.8625130653381348,71.559,67.14898151159286,66.1,0.7754997611045837
3.7,65.301,78.5536521077156,63.1,0.8369749188423157,64.894,79.27263277769089,57.8,0.8882745504379272,72.257,66.66129565238953,65.6,0.7597199082374573
3.71,65.211,78.71681916713715,62.3,0.8419029712677002,66.16,78.00390034914017,59.1,0.8742978572845459,71.554,67.93908822536469,65.5,0.7652859687805176
3.7199999999999998,64.938,78.99392729997635,62.0,0.8470659255981445,66.75,77.45873326063156,60.0,0.8635541200637817,72.23,66.67294299602509,65.8,0.7604249715805054
3.73,65.212,78.60110533237457,63.4,0.8362079858779907,66.088,78.25958359241486,59.8,0.8691196441650391,72.105,66.29015338420868,65.9,0.7663965821266174
3.74,63.925,80.27080178260803,62.0,0.8429227471351624,66.621,77.38875991106033,60.0,0.8660780191421509,71.281,67.23797446489334,65.7,0.7816885709762573
3.75,65.59,78.1686110496521,63.6,0.8321062326431274,66.409,77.61651068925858,59.2,0.8752936720848083,71.453,67.08577466011047,66.1,0.778499960899353
3.76,64.386,79.65727204084396,60.6,0.8597007393836975,65.911,78.03490948677063,58.4,0.8795300126075745,72.193,66.25969350337982,66.1,0.7626084089279175
3.77,65.005,78.9017641544342,60.9,0.8492870330810547,66.221,77.59948575496674,59.3,0.8713356256484985,72.354,66.41167348623276,66.7,0.7562652826309204
3.7800000000000002,65.42,78.46806997060776,62.6,0.8366630673408508,66.829,77.09179031848907,59.7,0.8608503341674805,72.247,66.59720641374588,66.5,0.7561407089233398
3.79,64.67,79.3115206360817,62.3,0.8399064540863037,67.154,76.85710340738297,61.3,0.8562471866607666,72.686,65.92856591939926,66.6,0.7545809149742126
3.8,64.954,78.89447104930878,62.3,0.8390529751777649,66.574,77.73307061195374,60.9,0.8650309443473816,72.618,65.94992583990097,66.4,0.7614154815673828
3.81,65.38,78.20384687185287,61.9,0.8404543399810791,67.277,76.83590596914291,61.1,0.8565104007720947,72.398,66.20647251605988,65.7,0.7664705514907837
3.82,64.575,79.14707672595978,60.7,0.8549655079841614,66.404,77.4745107293129,59.5,0.8620764017105103,72.64,65.74863189458847,66.7,0.7581254243850708
3.83,65.635,77.86821615695953,62.9,0.8343832492828369,66.417,77.40302139520645,59.6,0.8599490523338318,72.514,66.04113751649857,66.8,0.7585486769676208
3.84,64.959,78.8496607542038,62.3,0.8347920179367065,67.141,77.05957955121994,61.0,0.8571102023124695,72.581,65.91859120130539,65.8,0.7588366270065308
3.85,65.006,78.69419288635254,62.5,0.8334717154502869,67.318,77.14085757732391,61.2,0.8582655787467957,72.376,65.95556026697159,66.6,0.7666288614273071
3.86,65.528,78.01003527641296,63.6,0.8352968692779541,67.554,76.6528068780899,61.8,0.8530318737030029,72.38,65.9422538280487,66.7,0.7685572504997253
3.87,63.701,80.26821064949036,60.5,0.8616245985031128,67.26,76.67676711082458,59.9,0.8526974320411682,72.655,65.52459859848022,66.3,0.7627211809158325
3.88,65.375,78.10941809415817,63.2,0.8349401354789734,67.187,76.74566274881363,60.1,0.8551363348960876,72.606,65.74503749608994,66.8,0.7580028772354126
3.89,65.007,78.51665318012238,62.6,0.8358505368232727,67.418,76.34685671329498,60.7,0.8545689582824707,72.59,65.78149199485779,66.8,0.7580007314682007
3.9,65.432,78.03344929218292,64.1,0.8282911777496338,67.506,76.14246517419815,60.5,0.855338454246521,72.818,65.45125395059586,66.9,0.7597132921218872
3.91,64.894,79.0081228017807,62.5,0.8404484391212463,67.191,76.4072527885437,60.8,0.8562086820602417,72.273,66.09698683023453,65.4,0.7746413350105286
3.92,64.418,79.43447422981262,60.8,0.8544837236404419,67.673,75.85218006372452,61.3,0.8525881171226501,72.411,65.92154037952423,66.6,0.7721942663192749
3.93,64.659,79.33075439929962,62.7,0.8573184609413147,67.566,75.89947885274887,59.5,0.8542570471763611,73.11,65.08119529485703,67.1,0.7544689774513245
3.94,63.488,80.61297279596329,62.3,0.8660761713981628,67.62,75.86684983968735,60.2,0.8613352179527283,72.495,65.9160150885582,66.7,0.7578383088111877
3.95,64.94,78.84080773591995,62.3,0.8365940451622009,67.423,76.15975767374039,60.1,0.8670254945755005,72.515,65.85096818208694,66.7,0.761226236820221
3.96,65.144,78.77457982301712,62.8,0.8389553427696228,67.413,76.16651779413223,60.4,0.8664370179176331,72.764,65.3068196773529,66.2,0.769538402557373
3.9699999999999998,65.828,77.96420991420746,62.5,0.8380063772201538,67.208,76.08923864364624,61.2,0.853929877281189,72.221,66.21103173494339,65.0,0.7834565043449402
3.98,64.794,79.29021525382996,63.4,0.8550304174423218,65.239,78.26358640193939,59.5,0.8692628741264343,72.654,65.5972266793251,66.4,0.7681820392608643
3.99,65.698,78.01592308282852,63.0,0.8388020396232605,67.938,75.48747277259827,61.4,0.8541522026062012,72.788,65.6436802148819,67.1,0.7579066157341003
4.01,64.808,78.94094157218933,62.4,0.8416219353675842,67.981,75.58607774972916,61.4,0.8573093414306641,72.979,64.95906978845596,67.3,0.7559396028518677
4.02,65.871,77.41744256019592,64.4,0.8297038674354553,66.528,77.16902339458466,60.3,0.8609750270843506,72.962,64.94593381881714,66.0,0.7682239413261414
4.03,64.873,78.77465510368347,62.8,0.8459107279777527,67.563,75.87639218568802,60.4,0.8554900884628296,72.15,66.1269062757492,65.3,0.7887881398200989
4.04,65.827,77.40063172578812,64.0,0.8317137360572815,67.225,75.92575091123581,59.7,0.870157778263092,72.814,65.03315436840057,65.3,0.7779979705810547
4.05,65.751,77.69229936599731,63.5,0.8373225927352905,67.694,75.38782960176468,59.8,0.8632394075393677,73.458,64.1285749077797,66.6,0.7604734301567078
4.06,65.466,77.92376673221588,62.6,0.8444940447807312,67.567,75.76130455732346,61.2,0.8567785024642944,73.202,64.60391974449158,66.6,0.7628271579742432
4.07,65.805,77.49999117851257,63.5,0.8438100218772888,67.68,75.5112573504448,61.5,0.8560731410980225,73.113,64.63329666852951,66.6,0.7651553750038147
4.08,65.826,77.43099224567413,64.1,0.8407014608383179,68.096,74.9399054646492,60.7,0.8610937595367432,73.311,64.23879271745682,65.9,0.770447850227356
4.09,65.852,77.21270734071732,63.8,0.8358617424964905,68.076,74.93189835548401,60.8,0.8632835149765015,73.406,64.02479636669159,65.7,0.7727449536323547
4.1,65.892,77.24309915304184,63.6,0.8363770842552185,68.429,74.5112789273262,62.0,0.854816198348999,73.408,63.99570119380951,66.7,0.7678423523902893
4.11,65.779,77.44060689210892,63.3,0.8421372175216675,68.487,74.42556369304657,61.4,0.8565210700035095,72.976,64.9193097949028,66.7,0.7721879482269287
4.12,65.824,77.11131376028061,62.9,0.8397022485733032,67.715,75.40250033140182,59.9,0.8745516538619995,73.462,64.22547817230225,66.6,0.7628464102745056
4.13,66.054,76.87855410575867,63.1,0.8368443846702576,68.481,74.4536247253418,60.9,0.860460102558136,73.914,63.464955508708954,66.7,0.7589643001556396
4.14,64.594,79.62748956680298,61.6,0.8597652912139893,68.092,74.79656726121902,61.8,0.8574365973472595,73.35,64.25412511825562,67.2,0.7703429460525513
4.15,66.287,76.63583248853683,63.4,0.8348172903060913,68.073,74.76016241312027,61.3,0.8571748733520508,73.579,63.9285289645195,67.4,0.7661112546920776
4.16,64.235,79.54002541303635,61.1,0.8681728839874268,68.294,74.53279036283493,60.4,0.8651764392852783,74.033,63.343503534793854,66.9,0.7595567107200623
4.17,66.461,76.69624710083008,63.3,0.8326064944267273,67.732,75.08826810121536,59.9,0.8739719986915588,73.698,63.60281491279602,66.4,0.7626791596412659
4.18,65.093,78.48621767759323,61.8,0.845183789730072,68.501,74.41778087615967,62.3,0.8625615239143372,73.568,63.68652707338333,66.0,0.768263578414917
4.19,66.212,77.0022121667862,63.0,0.8301830887794495,67.59,75.63570958375931,60.8,0.8667532205581665,73.994,63.28963768482208,66.7,0.7615662217140198
4.2,66.024,77.4019302725792,63.2,0.8364352583885193,68.772,74.11879324913025,62.4,0.8585512638092041,73.787,63.57726728916168,66.1,0.7579811215400696
4.21,66.505,76.91633474826813,63.2,0.8291241526603699,67.062,75.58124995231628,58.8,0.8824673295021057,73.333,64.24089241027832,66.2,0.7594231367111206
4.22,66.412,76.87917405366898,63.4,0.8268332481384277,68.369,74.39916270971298,60.6,0.866025447845459,73.943,63.150922894477844,66.5,0.7577812671661377
4.23,65.957,77.2960130572319,62.8,0.8283053040504456,66.813,76.2031364440918,60.4,0.8802739381790161,73.455,63.98042905330658,66.6,0.7756717205047607
4.24,66.594,76.51158344745636,62.9,0.8226624131202698,68.586,74.20708280801773,61.3,0.8638619780540466,73.483,63.82216376066208,66.6,0.7737445831298828
4.25,65.967,77.2808119058609,62.8,0.8328577876091003,68.62,73.98997008800507,61.1,0.862508237361908,73.901,63.09144979715347,67.4,0.7583669424057007
4.26,66.348,76.770214676857,63.4,0.8310797214508057,67.844,74.77072501182556,60.2,0.8713724613189697,73.742,63.51699370145798,67.0,0.7572624087333679
4.27,65.987,77.08919328451157,63.1,0.8336263298988342,68.921,73.58319514989853,61.4,0.8566967844963074,73.573,63.8490794301033,66.2,0.7604970335960388
4.28,65.864,77.26094555854797,63.1,0.828281581401825,67.196,75.75399708747864,61.1,0.871892511844635,74.096,63.11512476205826,66.7,0.7574742436408997
4.29,65.09,78.3767192363739,62.2,0.8427731394767761,68.759,73.78771781921387,60.5,0.8549433946609497,74.024,63.23655527830124,67.2,0.7651757001876831
4.3,66.462,76.39606416225433,63.4,0.8293181657791138,68.038,74.59329897165298,59.0,0.8717484474182129,73.669,63.77571588754654,66.5,0.7725254893302917
4.31,65.549,77.55297040939331,62.8,0.8463314175605774,68.565,73.95357757806778,60.0,0.8628712892532349,74.11,63.177248775959015,67.4,0.7633544206619263
4.32,66.267,76.63798534870148,63.4,0.8306716680526733,69.092,73.4424951672554,61.3,0.8535844683647156,74.339,62.86280369758606,67.9,0.7546765804290771
4.33,65.824,77.25752997398376,62.0,0.8359792232513428,68.659,74.08403092622757,61.1,0.8550763130187988,74.397,62.81882035732269,67.7,0.7543767690658569
4.34,66.563,76.25719863176346,63.1,0.8294532299041748,69.101,73.43638372421265,60.8,0.8549025654792786,74.381,62.79180723428726,67.4,0.7537494897842407
4.35,66.32,76.4585896730423,62.3,0.8372828364372253,68.595,73.95522111654282,59.3,0.8677688837051392,74.504,62.63553696870804,67.3,0.7506757974624634
4.36,66.425,76.34102565050125,62.6,0.8364503979682922,68.667,73.77552163600922,59.8,0.8611052632331848,74.436,62.580980718135834,68.0,0.7504119873046875
4.37,66.86,75.95188134908676,62.5,0.826616108417511,68.126,74.58376556634903,60.6,0.8614216446876526,74.557,62.357488572597504,67.9,0.7502816319465637
4.38,66.306,76.64002424478531,62.7,0.8351842164993286,68.877,73.32555621862411,61.1,0.8574814796447754,74.471,62.32103317975998,67.3,0.7536770701408386
4.39,66.35,76.46280092000961,62.7,0.8363041877746582,68.761,73.43694055080414,61.0,0.8593835830688477,74.361,62.317513942718506,68.0,0.7583809494972229
4.4,66.346,76.45770579576492,62.7,0.837401807308197,69.035,73.08150964975357,60.9,0.8537871241569519,74.548,62.056843280792236,67.4,0.7569342851638794
4.41,65.046,78.23662716150284,61.9,0.8580247163772583,68.504,73.8751055598259,59.8,0.8558292388916016,74.441,62.211663246154785,67.5,0.7602267861366272
4.42,66.814,75.8428081870079,63.2,0.8297945261001587,69.241,72.91808634996414,61.1,0.8512676358222961,74.47,62.12313586473465,67.4,0.7639445066452026
4.43,65.237,77.93734884262085,61.7,0.8533129096031189,68.515,73.73653572797775,61.1,0.8643684983253479,74.455,62.14782232046127,67.2,0.7687780261039734
4.44,66.969,75.5540172457695,63.1,0.8313149809837341,66.425,76.08542412519455,59.8,0.8870312571525574,74.462,62.17459487915039,67.3,0.7727475762367249
4.45,65.254,78.16926097869873,62.1,0.8607162237167358,68.807,73.1868936419487,60.7,0.8567273616790771,74.518,62.08555954694748,67.6,0.768612265586853
4.46,66.671,75.83747583627701,61.9,0.8395459055900574,66.99,75.87101417779922,60.1,0.8870648741722107,74.631,61.919063210487366,67.3,0.7701008915901184
4.47,65.738,77.07013690471649,61.7,0.8507234454154968,69.215,72.78323358297348,61.0,0.8562573790550232,74.656,61.86380660533905,66.6,0.7762879133224487
4.48,66.469,76.41634911298752,63.0,0.8337159156799316,68.361,74.0889818072319,60.6,0.868378758430481,74.6,61.8702187538147,66.1,0.7778957486152649
4.49,66.557,76.29415833950043,63.3,0.8287840485572815,68.423,74.0696627497673,61.1,0.8718070387840271,74.911,61.450344264507294,66.3,0.7704121470451355
4.5,67.098,75.5927522778511,63.0,0.8318483233451843,68.293,73.86324739456177,59.2,0.8757938146591187,75.072,61.39057970046997,66.3,0.7659342885017395
4.51,64.971,77.79517823457718,60.4,0.8641332387924194,67.631,75.1735971570015,60.6,0.8798947334289551,75.047,61.52618145942688,66.5,0.7665146589279175
4.52,66.959,75.78384011983871,61.9,0.8372425436973572,69.337,72.93413883447647,60.8,0.8555277585983276,75.009,61.68451261520386,66.6,0.7610981464385986
4.53,66.837,75.94663733243942,63.2,0.8281062245368958,69.137,73.2430340051651,60.2,0.8647748231887817,74.821,62.11010557413101,66.7,0.7604327201843262
4.54,65.35,77.98982799053192,61.3,0.8449360728263855,69.137,73.33267444372177,59.2,0.8704045414924622,74.761,62.13842046260834,66.9,0.7592512369155884
4.55,67.327,75.58165979385376,63.4,0.8255680203437805,69.329,72.66994893550873,61.5,0.859117329120636,74.935,61.66041046380997,67.1,0.7612378597259521
4.5600000000000005,66.619,76.25430196523666,61.1,0.8444452285766602,68.888,73.20800518989563,60.7,0.8572859764099121,74.728,61.764832496643066,66.9,0.7703858613967896
4.57,65.346,77.47900050878525,59.6,0.8617953062057495,69.563,72.49136167764664,60.4,0.8552457094192505,74.681,61.76569539308548,67.1,0.7723580598831177
4.58,66.896,75.9570934176445,62.4,0.8338251709938049,69.13,73.03767079114914,60.1,0.8690372705459595,74.931,61.40761333703995,67.1,0.7698044180870056
4.59,65.322,77.93999564647675,61.4,0.8419128060340881,69.598,72.32292073965073,60.0,0.8613874316215515,74.43,62.339335501194,66.2,0.7782168984413147
4.6,65.606,77.58859473466873,62.2,0.8420642018318176,69.463,72.33555954694748,61.5,0.8550267815589905,74.816,61.685410022735596,66.6,0.7757970690727234
4.61,65.872,77.34278494119644,61.6,0.8501793146133423,68.952,72.85365206003189,60.7,0.8585469722747803,74.95,61.393321216106415,67.0,0.7707828283309937
4.62,65.878,76.77358675003052,59.9,0.8477752208709717,69.416,72.56348216533661,61.1,0.8696417212486267,74.479,61.944704711437225,66.5,0.775680422782898
4.63,65.657,77.24964213371277,61.3,0.8478853106498718,69.071,72.87570440769196,60.3,0.8749509453773499,74.939,61.423547089099884,67.6,0.7697986364364624
4.64,67.124,75.5334215760231,63.1,0.8210763335227966,70.058,72.05991405248642,60.9,0.8583446741104126,74.989,61.552612602710724,66.5,0.7660423517227173
4.65,66.038,76.9669941663742,61.9,0.8334593772888184,68.692,73.47213959693909,59.9,0.8673961162567139,74.153,62.64792799949646,66.2,0.7746272683143616
4.66,65.563,77.41700452566147,61.7,0.8410162329673767,69.466,72.22505086660385,60.3,0.8657478094100952,75.276,61.07182192802429,67.0,0.7586578726768494
4.67,67.273,75.4402425289154,62.2,0.8235329389572144,69.705,72.13215172290802,60.7,0.8666770458221436,75.217,61.05416685342789,66.6,0.7609097361564636
4.68,66.887,75.84889936447144,61.8,0.8300888538360596,69.952,71.97367352247238,60.7,0.8613357543945312,75.078,61.222380340099335,66.7,0.7700449824333191
4.6899999999999995,66.81,75.9397953748703,62.0,0.8314059972763062,69.863,71.90665060281754,60.4,0.8599590063095093,75.381,60.74413049221039,66.9,0.767204999923706
4.7,67.285,75.27291303873062,62.2,0.8225914239883423,69.656,72.15431642532349,60.4,0.859577476978302,75.379,60.772929549217224,66.8,0.7622240781784058
4.71,67.05,75.58488768339157,63.7,0.8191445469856262,69.691,72.51199108362198,59.5,0.8576899170875549,75.189,61.12222516536713,66.7,0.7633693218231201
4.72,67.247,75.2274517416954,62.7,0.8179832696914673,67.433,74.88264584541321,59.7,0.8856565356254578,75.475,60.77779918909073,67.1,0.7571561336517334
4.73,67.425,74.98192483186722,62.8,0.8219830989837646,70.029,72.12562781572342,60.6,0.8618032336235046,75.489,60.54981553554535,67.4,0.7614384889602661
4.74,66.68,75.71613556146622,61.9,0.8325565457344055,69.655,72.33629029989243,60.2,0.8616322875022888,75.154,61.016767144203186,66.5,0.7759711146354675
4.75,66.971,75.51881003379822,62.5,0.826549232006073,69.868,72.12680023908615,60.3,0.8578977584838867,75.304,60.80790716409683,66.8,0.7737832069396973
4.76,67.456,74.79016351699829,63.1,0.821513831615448,70.389,71.92236745357513,60.2,0.8583994507789612,75.71,60.43223977088928,67.6,0.7590464949607849
4.77,67.061,75.24641793966293,63.8,0.828022837638855,69.8,72.4923090338707,59.4,0.8686125874519348,75.621,60.56103211641312,67.5,0.76172935962677
4.78,67.72,74.3941758275032,63.1,0.8201444149017334,70.308,71.8310397863388,61.0,0.8594467639923096,75.197,61.19515997171402,66.4,0.7713358402252197
4.79,67.612,74.62384283542633,62.1,0.8268492817878723,70.073,71.94820368289948,60.5,0.8576730489730835,75.683,60.45056867599487,66.9,0.7623921036720276
4.8,67.698,74.39547401666641,62.5,0.8309090733528137,70.339,71.61098992824554,61.7,0.8571274876594543,75.707,60.358504712581635,65.9,0.7696724534034729
4.8100000000000005,67.597,74.5692412853241,62.8,0.8351305723190308,70.159,71.82075446844101,60.4,0.8667693138122559,75.254,60.78226029872894,67.0,0.7729992270469666
4.82,67.793,74.31472742557526,63.5,0.829014003276825,69.537,72.44241750240326,60.3,0.8762695789337158,75.326,60.58659827709198,66.8,0.7752751708030701
4.83,67.798,74.23901438713074,62.7,0.8246986865997314,70.214,71.16671389341354,60.5,0.859792947769165,75.633,60.271775901317596,67.0,0.7668350338935852
4.84,67.614,74.4017242193222,63.3,0.8271021842956543,68.511,73.18872451782227,60.8,0.8725233674049377,75.336,60.80566018819809,66.8,0.7679882049560547
4.85,67.622,74.4628136754036,62.8,0.8178078532218933,70.161,71.27158290147781,60.0,0.8653327822685242,75.529,60.59932994842529,66.9,0.7667608261108398
4.86,67.298,74.77298641204834,63.4,0.8180859088897705,68.358,73.88647466897964,58.3,0.8988560438156128,75.879,59.91180598735809,66.9,0.7688015103340149
4.87,67.277,74.81962782144547,62.8,0.8159878253936768,69.55,72.30454897880554,60.5,0.8785406947135925,75.335,60.534906446933746,65.2,0.7847282886505127
4.88,67.44,74.63639277219772,63.1,0.8133731484413147,69.403,72.3221520781517,61.8,0.8681599497795105,75.205,60.5796879529953,65.7,0.7798463702201843
4.89,67.471,74.87474864721298,63.5,0.8222899436950684,68.048,74.11855685710907,60.6,0.8803892731666565,75.718,60.025674402713776,67.5,0.7615922093391418
4.9,68.189,74.23490488529205,63.4,0.8113651871681213,70.156,71.54569381475449,60.6,0.8657313585281372,75.583,60.24311649799347,67.3,0.7558110356330872
4.91,67.903,74.58164840936661,62.5,0.8155187368392944,68.595,73.8607571721077,59.8,0.8970117568969727,74.949,61.14108180999756,65.9,0.7699684500694275
4.92,68.038,74.57032495737076,62.3,0.8224260210990906,70.006,72.0483306646347,60.6,0.8722874522209167,75.829,59.97586941719055,67.5,0.752446174621582
4.93,67.398,75.06043976545334,61.3,0.8334953188896179,68.935,73.10003328323364,61.1,0.8692466020584106,75.579,60.32710683345795,67.9,0.7518706321716309
4.9399999999999995,67.715,74.49423938989639,62.8,0.8256561756134033,68.794,73.2597263455391,60.4,0.8696727752685547,75.11,61.00807577371597,67.9,0.7555923461914062
4.95,68.105,73.67388933897018,63.2,0.8132134079933167,70.074,72.13678354024887,61.0,0.8696067333221436,76.08,59.911946177482605,68.1,0.7436270117759705
4.96,67.428,74.24046057462692,62.6,0.8190453052520752,68.61,74.06125605106354,59.8,0.8903507590293884,75.689,60.55541145801544,67.3,0.7511554956436157
4.97,67.575,73.96792042255402,63.4,0.818353533744812,70.632,71.07838320732117,61.3,0.8504762053489685,75.398,60.8896564245224,67.6,0.7534046173095703
4.98,66.758,75.25432676076889,61.5,0.8349336981773376,67.277,74.37816846370697,59.9,0.8724817037582397,75.514,60.4770667552948,68.3,0.7429866194725037
4.99,67.568,74.02759581804276,62.7,0.8214771151542664,69.12,72.1109829545021,60.3,0.8554467558860779,76.093,59.753323674201965,68.7,0.7423446774482727
